TimeStamp	TrackerTimeStamp	TrackerTrackingImprovementCount	TrackerFrameCount	ConvergenceDistance	ConvergenceDistanceValidity	ErrorsSinceLastUpdate	
638134327007986513	4107830	10001	15459	0.00000	False	0	
638134327009344410	4107955	10001	15474	0.00000	False	0	
638134327009394406	4107972	10001	15476	0.00000	False	0	
638134327009454398	4107972	10001	15476	0.00000	False	0	
638134327009514389	4107972	10001	15476	0.00000	False	0	
638134327009564398	4107989	10001	15478	0.00000	False	0	
638134327009624381	4107989	10001	15478	0.00000	False	0	
638134327009674392	4107989	10001	15478	0.00000	False	0	
638134327009724393	4108005	10001	15480	0.00000	False	0	
638134327009784396	4108005	10001	15480	0.00000	False	0	
638134327009834425	4108005	10001	15480	0.00000	False	0	
638134327009894390	4108030	10001	15483	0.00000	False	0	
638134327009956153	4108030	10001	15483	0.00000	False	0	
638134327010015828	4108039	10001	15484	0.00000	False	0	
638134327010065834	4108039	10001	15484	0.00000	False	0	
638134327010165830	4108047	10001	15485	0.00000	False	0	
638134327010315829	4108064	10001	15487	0.00000	False	0	
638134327010465823	4108080	10001	15489	0.00000	False	0	
638134327010608602	4108097	10001	15491	0.00000	False	0	
638134327010778308	4108114	10001	15493	0.00000	False	0	
638134327010938319	4108122	10001	15494	0.00000	False	0	
638134327011093809	4108139	10001	15496	0.00000	False	0	
638134327011243916	4108155	10001	15498	0.00000	False	0	
638134327011403846	4108172	10001	15500	0.00000	False	0	
638134327011563877	4108189	10001	15502	0.00000	False	0	
638134327011723913	4108205	10001	15504	0.00000	False	0	
638134327011883883	4108222	10001	15506	0.00000	False	0	
638134327012033987	4108239	10001	15508	0.00000	False	0	
638134327012186693	4108255	10001	15510	0.00000	False	0	
638134327012346686	4108264	10001	15511	0.00000	False	0	
638134327012506703	4108280	10001	15513	0.00000	False	0	
638134327012656698	4108280	10001	15513	0.00000	False	0	
638134327012816695	4108314	10001	15517	0.00000	False	0	
638134327012966773	4108330	10001	15519	0.00000	False	0	
638134327013126780	4108347	10001	15521	0.00000	False	0	
638134327013276783	4108364	10001	15523	0.00000	False	0	
638134327013426792	4108380	10001	15525	0.00000	False	0	
638134327013586786	4108389	10001	15526	0.00000	False	0	
638134327013746872	4108405	10001	15528	0.00000	False	0	
638134327013906905	4108422	10001	15530	0.00000	False	0	
638134327014056995	4108439	10001	15532	0.00000	False	0	
638134327014206995	4108439	10001	15532	0.00000	False	0	
638134327014356989	4108472	10001	15536	0.00000	False	0	
638134327014506999	4108489	10001	15538	0.00000	False	0	
638134327014657002	4108497	10001	15539	0.00000	False	0	
638134327014816989	4108514	10001	15541	0.00000	False	0	
638134327014977075	4108530	10001	15543	0.00000	False	0	
638134327015137063	4108547	10001	15545	0.00000	False	0	
638134327015297077	4108564	10001	15547	0.00000	False	0	
638134327015457069	4108580	10001	15549	0.00000	False	0	
638134327015507077	4108580	10001	15549	0.00000	False	0	
638134327015607069	4108605	10001	15552	0.00000	False	0	
638134327015757073	4108614	10001	15553	0.00000	False	0	
638134327015917110	4108622	10001	15554	0.00000	False	0	
638134327016077248	4108639	10001	15556	0.00000	False	0	
638134327016227189	4108655	10001	15558	0.00000	False	0	
638134327016387205	4108672	10001	15560	0.00000	False	0	
638134327016537185	4108689	10001	15562	0.00000	False	0	
638134327016697183	4108705	10001	15564	0.00000	False	0	
638134327016847177	4108714	10001	15565	0.00000	False	0	
638134327016997299	4108730	10001	15567	0.00000	False	0	
638134327017157294	4108747	10001	15569	0.00000	False	0	
638134327017307289	4108763	10001	15571	0.00000	False	0	
638134327017457609	4108780	10001	15573	0.00000	False	0	
638134327017517291	4108780	10001	15573	0.00000	False	0	
638134327017617304	4108805	10001	15576	0.00000	False	0	
638134327017767510	4108813	10001	15577	0.00000	False	0	
638134327017917348	4108822	10001	15578	0.00000	False	0	
638134327018077432	4108838	10001	15580	0.00000	False	0	
638134327018237450	4108855	10001	15582	0.00000	False	0	
638134327018397431	4108872	10001	15584	0.00000	False	0	
638134327018557423	4108888	10001	15586	0.00000	False	0	
638134327018717430	4108905	10001	15588	0.00000	False	0	
638134327018877422	4108905	10001	15588	0.00000	False	0	
638134327019029500	4108938	10001	15592	0.00000	False	0	
638134327019189503	4108955	10001	15594	0.00000	False	0	
638134327019339493	4108963	10001	15595	0.00000	False	0	
638134327019499502	4108980	10001	15597	0.00000	False	0	
638134327019659509	4108997	10001	15599	0.00000	False	0	
638134327019801991	4109013	10001	15601	0.00000	False	0	
638134327019952338	4109030	10001	15603	0.00000	False	0	
638134327020121988	4109047	10001	15605	0.00000	False	0	
638134327020281985	4109063	10001	15607	0.00000	False	0	
638134327020437198	4109072	10001	15608	0.00000	False	0	
638134327020597209	4109088	10001	15610	0.00000	False	0	
638134327020757214	4109105	10001	15612	0.00000	False	0	
638134327020917214	4109122	10001	15614	0.00000	False	0	
638134327021069771	4109138	10001	15616	0.00000	False	0	
638134327021229779	4109155	10001	15618	0.00000	False	0	
638134327021386565	4109172	10001	15620	0.00000	False	0	
638134327021545362	4109188	10001	15622	0.00000	False	0	
638134327021705342	4109205	10001	15624	0.00000	False	0	
638134327021855334	4109222	10001	15626	0.00000	False	0	
638134327022015429	4109230	10001	15627	0.00000	False	0	
638134327022165429	4109247	10001	15629	0.00000	False	0	
638134327022315427	4109263	10001	15631	0.00000	False	0	
638134327022471191	4109280	10001	15633	0.00000	False	0	
638134327022631194	4109297	10001	15635	0.00000	False	0	
638134327022791191	4109313	10001	15637	0.00000	False	0	
638134327022951608	4109330	10001	15639	0.00000	False	0	
638134327023111284	4109347	10001	15641	0.00000	False	0	
638134327023271285	4109355	10001	15642	0.00000	False	0	
638134327023431303	4109372	10001	15644	0.00000	False	0	
638134327023586467	4109388	10001	15646	0.00000	False	0	
638134327023736538	4109405	10001	15648	0.00000	False	0	
638134327023896456	4109422	10001	15650	0.00000	False	0	
638134327024046444	4109438	10001	15652	0.00000	False	0	
638134327024196465	4109455	10001	15654	0.00000	False	0	
638134327024346462	4109472	10001	15656	0.00000	False	0	
638134327024496570	4109480	10001	15657	0.00000	False	0	
638134327024647574	4109480	10001	15657	0.00000	False	0	
638134327024807581	4109513	10001	15661	0.00000	False	0	
638134327024957576	4109530	10001	15663	0.00000	False	0	
638134327025017581	4109530	10001	15663	0.00000	False	0	
638134327025117875	4109555	10001	15666	0.00000	False	0	
638134327025267580	4109563	10001	15667	0.00000	False	0	
638134327025409920	4109572	10001	15668	0.00000	False	0	
638134327025569951	4109588	10001	15670	0.00000	False	0	
638134327025729922	4109605	10001	15672	0.00000	False	0	
638134327025879917	4109622	10001	15674	0.00000	False	0	
638134327026040222	4109638	10001	15676	0.00000	False	0	
638134327026189925	4109655	10001	15678	0.00000	False	0	
638134327026340411	4109672	10001	15680	0.00000	False	0	
638134327026500844	4109680	10001	15681	0.00000	False	0	
638134327026660832	4109697	10001	15683	0.00000	False	0	
638134327026820852	4109713	10001	15685	0.00000	False	0	
638134327026980831	4109730	10001	15687	0.00000	False	0	
638134327027140830	4109747	10001	15689	0.00000	False	0	
638134327027301417	4109763	10001	15691	0.00000	False	0	
638134327027460838	4109780	10001	15693	0.00000	False	0	
638134327027613662	4109797	10001	15695	0.00000	False	0	
638134327027673278	4109797	10001	15695	0.00000	False	0	
638134327027773580	4109822	10001	15698	0.00000	False	0	
638134327027933287	4109830	10001	15699	0.00000	False	0	
638134327028083293	4109838	10001	15700	0.00000	False	0	
638134327028243278	4109855	10001	15702	0.00000	False	0	
638134327028407167	4109872	10001	15704	0.00000	False	0	
638134327028557065	4109888	10001	15706	0.00000	False	0	
638134327028707048	4109905	10001	15708	0.00000	False	0	
638134327028857217	4109922	10001	15710	0.00000	False	0	
638134327029017056	4109938	10001	15712	0.00000	False	0	
638134327029167043	4109947	10001	15713	0.00000	False	0	
638134327029319958	4109963	10001	15715	0.00000	False	0	
638134327029479965	4109980	10001	15717	0.00000	False	0	
638134327029639958	4109997	10001	15719	0.00000	False	0	
638134327029799973	4110013	10001	15721	0.00000	False	0	
638134327029959957	4110013	10001	15721	0.00000	False	0	
638134327030109967	4110047	10001	15725	0.00000	False	0	
638134327030269972	4110063	10001	15727	0.00000	False	0	
638134327030420401	4110072	10001	15728	0.00000	False	0	
638134327030579990	4110088	10001	15730	0.00000	False	0	
638134327030739974	4110105	10001	15732	0.00000	False	0	
638134327030899983	4110122	10001	15734	0.00000	False	0	
638134327031050079	4110138	10001	15736	0.00000	False	0	
638134327031200067	4110155	10001	15738	0.00000	False	0	
638134327031350071	4110172	10001	15740	0.00000	False	0	
638134327031501022	4110180	10001	15741	0.00000	False	0	
638134327031651000	4110180	10001	15741	0.00000	False	0	
638134327031810997	4110213	10001	15745	0.00000	False	0	
638134327031970996	4110230	10001	15747	0.00000	False	0	
638134327032130986	4110247	10001	15749	0.00000	False	0	
638134327032291546	4110263	10001	15751	0.00000	False	0	
638134327032451180	4110280	10001	15753	0.00000	False	0	
638134327032611185	4110296	10001	15755	0.00000	False	0	
638134327032771175	4110305	10001	15756	0.00000	False	0	
638134327032921189	4110321	10001	15758	0.00000	False	0	
638134327033071207	4110321	10001	15758	0.00000	False	0	
638134327033221179	4110355	10001	15762	0.00000	False	0	
638134327033381172	4110371	10001	15764	0.00000	False	0	
638134327033531183	4110371	10001	15764	0.00000	False	0	
638134327033691173	4110405	10001	15768	0.00000	False	0	
638134327033841175	4110413	10001	15769	0.00000	False	0	
638134327033983655	4110430	10001	15771	0.00000	False	0	
638134327034150069	4110446	10001	15773	0.00000	False	0	
638134327034310062	4110463	10001	15775	0.00000	False	0	
638134327034470063	4110480	10001	15777	0.00000	False	0	
638134327034630386	4110496	10001	15779	0.00000	False	0	
638134327034790051	4110513	10001	15781	0.00000	False	0	
638134327034950052	4110530	10001	15783	0.00000	False	0	
638134327035100066	4110546	10001	15785	0.00000	False	0	
638134327035260060	4110555	10001	15786	0.00000	False	0	
638134327035410248	4110571	10001	15788	0.00000	False	0	
638134327035565536	4110588	10001	15790	0.00000	False	0	
638134327035725528	4110605	10001	15792	0.00000	False	0	
638134327035885518	4110621	10001	15794	0.00000	False	0	
638134327036045526	4110638	10001	15796	0.00000	False	0	
638134327036205522	4110655	10001	15798	0.00000	False	0	
638134327036355528	4110671	10001	15800	0.00000	False	0	
638134327036503619	4110688	10001	15802	0.00000	False	0	
638134327036663669	4110696	10001	15803	0.00000	False	0	
638134327036814005	4110713	10001	15805	0.00000	False	0	
638134327036964905	4110730	10001	15807	0.00000	False	0	
638134327037135271	4110746	10001	15809	0.00000	False	0	
638134327037294982	4110763	10001	15811	0.00000	False	0	
638134327037454989	4110780	10001	15813	0.00000	False	0	
638134327037614981	4110796	10001	15815	0.00000	False	0	
638134327037764977	4110813	10001	15817	0.00000	False	0	
638134327037925082	4110821	10001	15818	0.00000	False	0	
638134327038074977	4110838	10001	15820	0.00000	False	0	
638134327038234976	4110855	10001	15822	0.00000	False	0	
638134327038394966	4110871	10001	15824	0.00000	False	0	
638134327038554922	4110888	10001	15826	0.00000	False	0	
638134327038705042	4110905	10001	15828	0.00000	False	0	
638134327038855044	4110921	10001	15830	0.00000	False	0	
638134327039002746	4110938	10001	15832	0.00000	False	0	
638134327039152780	4110946	10001	15833	0.00000	False	0	
638134327039312762	4110963	10001	15835	0.00000	False	0	
638134327039472771	4110980	10001	15837	0.00000	False	0	
638134327039632762	4110996	10001	15839	0.00000	False	0	
638134327039792766	4111013	10001	15841	0.00000	False	0	
638134327039953057	4111030	10001	15843	0.00000	False	0	
638134327040012768	4111030	10001	15843	0.00000	False	0	
638134327040099285	4111055	10001	15846	0.00000	False	0	
638134327040260304	4111063	10001	15847	0.00000	False	0	
638134327040420646	4111063	10001	15847	0.00000	False	0	
638134327040570721	4111088	10001	15850	0.00000	False	0	
638134327040720387	4111105	10001	15852	0.00000	False	0	
638134327040880398	4111121	10001	15854	0.00000	False	0	
638134327041040394	4111138	10001	15856	0.00000	False	0	
638134327041190393	4111138	10001	15856	0.00000	False	0	
638134327041350389	4111171	10001	15860	0.00000	False	0	
638134327041500396	4111188	10001	15862	0.00000	False	0	
638134327041645480	4111188	10001	15862	0.00000	False	0	
638134327041807838	4111213	10001	15865	0.00000	False	0	
638134327041957828	4111230	10001	15867	0.00000	False	0	
638134327042117829	4111246	10001	15869	0.00000	False	0	
638134327042267836	4111263	10001	15871	0.00000	False	0	
638134327042417842	4111263	10001	15871	0.00000	False	0	
638134327042577829	4111288	10001	15874	0.00000	False	0	
638134327042737831	4111305	10001	15876	0.00000	False	0	
638134327042897826	4111321	10001	15878	0.00000	False	0	
638134327043057829	4111338	10001	15880	0.00000	False	0	
638134327043217365	4111355	10001	15882	0.00000	False	0	
638134327043377361	4111371	10001	15884	0.00000	False	0	
638134327043537375	4111388	10001	15886	0.00000	False	0	
638134327043687670	4111405	10001	15888	0.00000	False	0	
638134327043837362	4111421	10001	15890	0.00000	False	0	
638134327043997371	4111438	10001	15892	0.00000	False	0	
638134327044157548	4111446	10001	15893	0.00000	False	0	
638134327044317374	4111463	10001	15895	0.00000	False	0	
638134327044477355	4111480	10001	15897	0.00000	False	0	
638134327044635588	4111480	10001	15897	0.00000	False	0	
638134327044794788	4111513	10001	15901	0.00000	False	0	
638134327044954668	4111530	10001	15903	0.00000	False	0	
638134327045114672	4111546	10001	15905	0.00000	False	0	
638134327045364872	4111563	10001	15907	0.00000	False	0	
638134327045424671	4111580	10001	15909	0.00000	False	0	
638134327045574781	4111588	10001	15910	0.00000	False	0	
638134327045724780	4111605	10001	15912	0.00000	False	0	
638134327045874785	4111621	10001	15914	0.00000	False	0	
638134327046034779	4111638	10001	15916	0.00000	False	0	
638134327046184781	4111655	10001	15918	0.00000	False	0	
638134327046334775	4111671	10001	15920	0.00000	False	0	
638134327046485183	4111688	10001	15922	0.00000	False	0	
638134327046645038	4111688	10001	15922	0.00000	False	0	
638134327046794977	4111713	10001	15925	0.00000	False	0	
638134327046944970	4111730	10001	15927	0.00000	False	0	
638134327047104978	4111746	10001	15929	0.00000	False	0	
638134327047254982	4111755	10001	15930	0.00000	False	0	
638134327047414991	4111771	10001	15932	0.00000	False	0	
638134327047575922	4111788	10001	15934	0.00000	False	0	
638134327047725930	4111805	10001	15936	0.00000	False	0	
638134327047886345	4111821	10001	15938	0.00000	False	0	
638134327048033476	4111838	10001	15940	0.00000	False	0	
638134327048183483	4111854	10001	15942	0.00000	False	0	
638134327048333493	4111871	10001	15944	0.00000	False	0	
638134327048484181	4111879	10001	15945	0.00000	False	0	
638134327048643591	4111896	10001	15947	0.00000	False	0	
638134327048803502	4111913	10001	15949	0.00000	False	0	
638134327048963496	4111929	10001	15951	0.00000	False	0	
638134327049115322	4111946	10001	15953	0.00000	False	0	
638134327049265364	4111963	10001	15955	0.00000	False	0	
638134327049423480	4111979	10001	15957	0.00000	False	0	
638134327049585861	4111988	10001	15958	0.00000	False	0	
638134327049745849	4112004	10001	15960	0.00000	False	0	
638134327049895859	4112021	10001	15962	0.00000	False	0	
638134327050045838	4112038	10001	15964	0.00000	False	0	
638134327050195860	4112054	10001	15966	0.00000	False	0	
638134327050345848	4112071	10001	15968	0.00000	False	0	
638134327050505853	4112088	10001	15970	0.00000	False	0	
638134327050665837	4112096	10001	15971	0.00000	False	0	
638134327050825838	4112113	10001	15973	0.00000	False	0	
638134327050972843	4112113	10001	15973	0.00000	False	0	
638134327051129290	4112146	10001	15977	0.00000	False	0	
638134327051289302	4112146	10001	15977	0.00000	False	0	
638134327051449346	4112179	10001	15981	0.00000	False	0	
638134327051599324	4112196	10001	15983	0.00000	False	0	
638134327051739298	4112196	10001	15983	0.00000	False	0	
638134327051909313	4112221	10001	15986	0.00000	False	0	
638134327052069307	4112238	10001	15988	0.00000	False	0	
638134327052219301	4112254	10001	15990	0.00000	False	0	
638134327052369311	4112271	10001	15992	0.00000	False	0	
638134327052529427	4112288	10001	15994	0.00000	False	0	
638134327052689806	4112304	10001	15996	0.00000	False	0	
638134327052849802	4112321	10001	15998	0.00000	False	0	
638134327053005086	4112329	10001	15999	0.00000	False	0	
638134327053165075	4112346	10001	16001	0.00000	False	0	
638134327053325077	4112363	10001	16003	0.00000	False	0	
638134327053468661	4112379	10001	16005	0.00000	False	0	
638134327053628657	4112396	10001	16007	0.00000	False	0	
638134327053788654	4112413	10001	16009	0.00000	False	0	
638134327053944197	4112429	10001	16011	0.00000	False	0	
638134327054100646	4112446	10001	16013	0.00000	False	0	
638134327054260345	4112463	10001	16015	0.00000	False	0	
638134327054410459	4112463	10001	16015	0.00000	False	0	
638134327054570424	4112488	10001	16018	0.00000	False	0	
638134327054730423	4112504	10001	16020	0.00000	False	0	
638134327054890440	4112521	10001	16022	0.00000	False	0	
638134327055046006	4112538	10001	16024	0.00000	False	0	
638134327055195570	4112554	10001	16026	0.00000	False	0	
638134327055355582	4112571	10001	16028	0.00000	False	0	
638134327055505577	4112588	10001	16030	0.00000	False	0	
638134327055665711	4112596	10001	16031	0.00000	False	0	
638134327055815703	4112613	10001	16033	0.00000	False	0	
638134327055965807	4112629	10001	16035	0.00000	False	0	
638134327056125796	4112646	10001	16037	0.00000	False	0	
638134327056285798	4112663	10001	16039	0.00000	False	0	
638134327056435806	4112679	10001	16041	0.00000	False	0	
638134327056595984	4112696	10001	16043	0.00000	False	0	
638134327056745950	4112696	10001	16043	0.00000	False	0	
638134327056895954	4112721	10001	16046	0.00000	False	0	
638134327057056049	4112738	10001	16048	0.00000	False	0	
638134327057206050	4112754	10001	16050	0.00000	False	0	
638134327057366134	4112771	10001	16052	0.00000	False	0	
638134327057526136	4112788	10001	16054	0.00000	False	0	
638134327057686137	4112804	10001	16056	0.00000	False	0	
638134327057846122	4112813	10001	16057	0.00000	False	0	
638134327058003875	4112829	10001	16059	0.00000	False	0	
638134327058153830	4112846	10001	16061	0.00000	False	0	
638134327058313840	4112863	10001	16063	0.00000	False	0	
638134327058473830	4112879	10001	16065	0.00000	False	0	
638134327058634409	4112896	10001	16067	0.00000	False	0	
638134327058784287	4112913	10001	16069	0.00000	False	0	
638134327058944498	4112929	10001	16071	0.00000	False	0	
638134327059095818	4112946	10001	16073	0.00000	False	0	
638134327059255806	4112954	10001	16074	0.00000	False	0	
638134327059405802	4112971	10001	16076	0.00000	False	0	
638134327059555873	4112988	10001	16078	0.00000	False	0	
638134327059715863	4113004	10001	16080	0.00000	False	0	
638134327059865859	4113021	10001	16082	0.00000	False	0	
638134327060022508	4113038	10001	16084	0.00000	False	0	
638134327060172510	4113054	10001	16086	0.00000	False	0	
638134327060327630	4113063	10001	16087	0.00000	False	0	
638134327060487838	4113079	10001	16089	0.00000	False	0	
638134327060647733	4113096	10001	16091	0.00000	False	0	
638134327060807729	4113113	10001	16093	0.00000	False	0	
638134327060967746	4113113	10001	16093	0.00000	False	0	
638134327061117804	4113146	10001	16097	0.00000	False	0	
638134327061268068	4113163	10001	16099	0.00000	False	0	
638134327061427758	4113179	10001	16101	0.00000	False	0	
638134327061587734	4113188	10001	16102	0.00000	False	0	
638134327061747728	4113204	10001	16104	0.00000	False	0	
638134327061908694	4113221	10001	16106	0.00000	False	0	
638134327062058695	4113238	10001	16108	0.00000	False	0	
638134327062208700	4113254	10001	16110	0.00000	False	0	
638134327062368687	4113271	10001	16112	0.00000	False	0	
638134327062518801	4113271	10001	16112	0.00000	False	0	
638134327062668785	4113304	10001	16116	0.00000	False	0	
638134327062819170	4113313	10001	16117	0.00000	False	0	
638134327062978794	4113329	10001	16119	0.00000	False	0	
638134327063129087	4113346	10001	16121	0.00000	False	0	
638134327063278926	4113362	10001	16123	0.00000	False	0	
638134327063328865	4113362	10001	16123	0.00000	False	0	
638134327063438865	4113387	10001	16126	0.00000	False	0	
638134327063589666	4113396	10001	16127	0.00000	False	0	
638134327063749699	4113404	10001	16128	0.00000	False	0	
638134327063909654	4113421	10001	16130	0.00000	False	0	
638134327064062417	4113437	10001	16132	0.00000	False	0	
638134327064212428	4113454	10001	16134	0.00000	False	0	
638134327064372424	4113471	10001	16136	0.00000	False	0	
638134327064532554	4113487	10001	16138	0.00000	False	0	
638134327064682837	4113504	10001	16140	0.00000	False	0	
638134327064852664	4113504	10001	16140	0.00000	False	0	
638134327065012654	4113537	10001	16144	0.00000	False	0	
638134327065172656	4113546	10001	16145	0.00000	False	0	
638134327065332655	4113562	10001	16147	0.00000	False	0	
638134327065482660	4113579	10001	16149	0.00000	False	0	
638134327065642761	4113596	10001	16151	0.00000	False	0	
638134327065792750	4113612	10001	16153	0.00000	False	0	
638134327065942747	4113612	10001	16153	0.00000	False	0	
638134327066102766	4113646	10001	16157	0.00000	False	0	
638134327066252770	4113654	10001	16158	0.00000	False	0	
638134327066412759	4113671	10001	16160	0.00000	False	0	
638134327066567452	4113687	10001	16162	0.00000	False	0	
638134327066717443	4113704	10001	16164	0.00000	False	0	
638134327066877447	4113721	10001	16166	0.00000	False	0	
638134327067027450	4113737	10001	16168	0.00000	False	0	
638134327067187442	4113754	10001	16170	0.00000	False	0	
638134327067347451	4113762	10001	16171	0.00000	False	0	
638134327067507456	4113779	10001	16173	0.00000	False	0	
638134327067667452	4113796	10001	16175	0.00000	False	0	
638134327067817751	4113812	10001	16177	0.00000	False	0	
638134327067977744	4113829	10001	16179	0.00000	False	0	
638134327068119722	4113846	10001	16181	0.00000	False	0	
638134327068279667	4113862	10001	16183	0.00000	False	0	
638134327068439652	4113879	10001	16185	0.00000	False	0	
638134327068589658	4113896	10001	16187	0.00000	False	0	
638134327068739657	4113904	10001	16188	0.00000	False	0	
638134327068899667	4113921	10001	16190	0.00000	False	0	
638134327069053123	4113937	10001	16192	0.00000	False	0	
638134327069213122	4113954	10001	16194	0.00000	False	0	
638134327069373118	4113971	10001	16196	0.00000	False	0	
638134327069533123	4113987	10001	16198	0.00000	False	0	
638134327069685019	4114004	10001	16200	0.00000	False	0	
638134327069837214	4114021	10001	16202	0.00000	False	0	
638134327069987218	4114029	10001	16203	0.00000	False	0	
638134327070137211	4114046	10001	16205	0.00000	False	0	
638134327070297209	4114062	10001	16207	0.00000	False	0	
638134327070457212	4114079	10001	16209	0.00000	False	0	
638134327070616351	4114096	10001	16211	0.00000	False	0	
638134327070766354	4114112	10001	16213	0.00000	False	0	
638134327070926375	4114129	10001	16215	0.00000	False	0	
638134327071078065	4114137	10001	16216	0.00000	False	0	
638134327071238051	4114154	10001	16218	0.00000	False	0	
638134327071388169	4114171	10001	16220	0.00000	False	0	
638134327071538413	4114187	10001	16222	0.00000	False	0	
638134327071698414	4114204	10001	16224	0.00000	False	0	
638134327071858420	4114221	10001	16226	0.00000	False	0	
638134327071997621	4114237	10001	16228	0.00000	False	0	
638134327072157611	4114254	10001	16230	0.00000	False	0	
638134327072317622	4114262	10001	16231	0.00000	False	0	
638134327072477606	4114279	10001	16233	0.00000	False	0	
638134327072627703	4114296	10001	16235	0.00000	False	0	
638134327072787685	4114312	10001	16237	0.00000	False	0	
638134327072954673	4114312	10001	16237	0.00000	False	0	
638134327073104612	4114346	10001	16241	0.00000	False	0	
638134327073264609	4114362	10001	16243	0.00000	False	0	
638134327073424926	4114379	10001	16245	0.00000	False	0	
638134327073584671	4114387	10001	16246	0.00000	False	0	
638134327073744680	4114404	10001	16248	0.00000	False	0	
638134327073904676	4114421	10001	16250	0.00000	False	0	
638134327074065637	4114437	10001	16252	0.00000	False	0	
638134327074225644	4114454	10001	16254	0.00000	False	0	
638134327074385637	4114471	10001	16256	0.00000	False	0	
638134327074540930	4114487	10001	16258	0.00000	False	0	
638134327074700943	4114504	10001	16260	0.00000	False	0	
638134327074860931	4114521	10001	16262	0.00000	False	0	
638134327075021038	4114537	10001	16264	0.00000	False	0	
638134327075171171	4114554	10001	16266	0.00000	False	0	
638134327075321019	4114571	10001	16268	0.00000	False	0	
638134327075471033	4114579	10001	16269	0.00000	False	0	
638134327075631037	4114596	10001	16271	0.00000	False	0	
638134327075791305	4114612	10001	16273	0.00000	False	0	
638134327075946550	4114629	10001	16275	0.00000	False	0	
638134327076106961	4114646	10001	16277	0.00000	False	0	
638134327076256932	4114662	10001	16279	0.00000	False	0	
638134327076416929	4114671	10001	16280	0.00000	False	0	
638134327076566924	4114687	10001	16282	0.00000	False	0	
638134327076716933	4114704	10001	16284	0.00000	False	0	
638134327076866923	4114721	10001	16286	0.00000	False	0	
638134327077027040	4114737	10001	16288	0.00000	False	0	
638134327077187039	4114754	10001	16290	0.00000	False	0	
638134327077347034	4114771	10001	16292	0.00000	False	0	
638134327077507613	4114779	10001	16293	0.00000	False	0	
638134327077667584	4114796	10001	16295	0.00000	False	0	
638134327077817591	4114812	10001	16297	0.00000	False	0	
638134327077977595	4114829	10001	16299	0.00000	False	0	
638134327078127591	4114846	10001	16301	0.00000	False	0	
638134327078277583	4114862	10001	16303	0.00000	False	0	
638134327078427610	4114879	10001	16305	0.00000	False	0	
638134327078587617	4114895	10001	16307	0.00000	False	0	
638134327078747602	4114904	10001	16308	0.00000	False	0	
638134327078907698	4114920	10001	16310	0.00000	False	0	
638134327079067675	4114937	10001	16312	0.00000	False	0	
638134327079228090	4114954	10001	16314	0.00000	False	0	
638134327079387763	4114970	10001	16316	0.00000	False	0	
638134327079547773	4114987	10001	16318	0.00000	False	0	
638134327079697764	4115004	10001	16320	0.00000	False	0	
638134327079857771	4115020	10001	16322	0.00000	False	0	
638134327080013044	4115037	10001	16324	0.00000	False	0	
638134327080173048	4115054	10001	16326	0.00000	False	0	
638134327080333355	4115062	10001	16327	0.00000	False	0	
638134327080493040	4115079	10001	16329	0.00000	False	0	
638134327080653036	4115095	10001	16331	0.00000	False	0	
638134327080813045	4115112	10001	16333	0.00000	False	0	
638134327080968208	4115129	10001	16335	0.00000	False	0	
638134327081128211	4115145	10001	16337	0.00000	False	0	
638134327081288214	4115162	10001	16339	0.00000	False	0	
638134327081438273	4115179	10001	16341	0.00000	False	0	
638134327081588323	4115195	10001	16343	0.00000	False	0	
638134327081748306	4115204	10001	16344	0.00000	False	0	
638134327081908301	4115220	10001	16346	0.00000	False	0	
638134327082067869	4115220	10001	16346	0.00000	False	0	
638134327082218319	4115254	10001	16350	0.00000	False	0	
638134327082377954	4115270	10001	16352	0.00000	False	0	
638134327082527963	4115287	10001	16354	0.00000	False	0	
638134327082678060	4115304	10001	16356	0.00000	False	0	
638134327082838049	4115320	10001	16358	0.00000	False	0	
638134327082988351	4115329	10001	16359	0.00000	False	0	
638134327083148052	4115345	10001	16361	0.00000	False	0	
638134327083308058	4115362	10001	16363	0.00000	False	0	
638134327083468053	4115379	10001	16365	0.00000	False	0	
638134327083628443	4115379	10001	16365	0.00000	False	0	
638134327083783578	4115412	10001	16369	0.00000	False	0	
638134327083943873	4115429	10001	16371	0.00000	False	0	
638134327084101051	4115445	10001	16373	0.00000	False	0	
638134327084251014	4115462	10001	16375	0.00000	False	0	
638134327084411172	4115470	10001	16376	0.00000	False	0	
638134327084559536	4115487	10001	16378	0.00000	False	0	
638134327084719529	4115504	10001	16380	0.00000	False	0	
638134327084869523	4115520	10001	16382	0.00000	False	0	
638134327085027300	4115537	10001	16384	0.00000	False	0	
638134327085187384	4115554	10001	16386	0.00000	False	0	
638134327085343130	4115570	10001	16388	0.00000	False	0	
638134327085503124	4115579	10001	16389	0.00000	False	0	
638134327085663237	4115595	10001	16391	0.00000	False	0	
638134327085823236	4115612	10001	16393	0.00000	False	0	
638134327085973639	4115629	10001	16395	0.00000	False	0	
638134327086133335	4115645	10001	16397	0.00000	False	0	
638134327086283333	4115662	10001	16399	0.00000	False	0	
638134327086443339	4115679	10001	16401	0.00000	False	0	
638134327086599154	4115695	10001	16403	0.00000	False	0	
638134327086759238	4115712	10001	16405	0.00000	False	0	
638134327086919406	4115729	10001	16407	0.00000	False	0	
638134327087071795	4115737	10001	16408	0.00000	False	0	
638134327087231805	4115754	10001	16410	0.00000	False	0	
638134327087391784	4115770	10001	16412	0.00000	False	0	
638134327087541790	4115787	10001	16414	0.00000	False	0	
638134327087691792	4115804	10001	16416	0.00000	False	0	
638134327087851802	4115820	10001	16418	0.00000	False	0	
638134327088011943	4115837	10001	16420	0.00000	False	0	
638134327088171930	4115845	10001	16421	0.00000	False	0	
638134327088333820	4115870	10001	16424	0.00000	False	0	
638134327088479137	4115879	10001	16425	0.00000	False	0	
638134327088629255	4115895	10001	16427	0.00000	False	0	
638134327088789241	4115912	10001	16429	0.00000	False	0	
638134327088939253	4115929	10001	16431	0.00000	False	0	
638134327089139249	4115945	10001	16433	0.00000	False	0	
638134327089239240	4115962	10001	16435	0.00000	False	0	
638134327089399242	4115970	10001	16436	0.00000	False	0	
638134327089549272	4115987	10001	16438	0.00000	False	0	
638134327089699341	4116004	10001	16440	0.00000	False	0	
638134327089859324	4116020	10001	16442	0.00000	False	0	
638134327090015375	4116037	10001	16444	0.00000	False	0	
638134327090175378	4116054	10001	16446	0.00000	False	0	
638134327090335388	4116070	10001	16448	0.00000	False	0	
638134327090495366	4116079	10001	16449	0.00000	False	0	
638134327090650498	4116095	10001	16451	0.00000	False	0	
638134327090800519	4116112	10001	16453	0.00000	False	0	
638134327090960506	4116129	10001	16455	0.00000	False	0	
638134327091110515	4116145	10001	16457	0.00000	False	0	
638134327091269625	4116162	10001	16459	0.00000	False	0	
638134327091425249	4116179	10001	16461	0.00000	False	0	
638134327091485237	4116179	10001	16461	0.00000	False	0	
638134327091585251	4116204	10001	16464	0.00000	False	0	
638134327091745246	4116212	10001	16465	0.00000	False	0	
638134327091905240	4116220	10001	16466	0.00000	False	0	
638134327092055251	4116237	10001	16468	0.00000	False	0	
638134327092205245	4116254	10001	16470	0.00000	False	0	
638134327092365567	4116270	10001	16472	0.00000	False	0	
638134327092515236	4116287	10001	16474	0.00000	False	0	
638134327092665238	4116304	10001	16476	0.00000	False	0	
638134327092815243	4116312	10001	16477	0.00000	False	0	
638134327092975548	4116329	10001	16479	0.00000	False	0	
638134327093125233	4116345	10001	16481	0.00000	False	0	
638134327093285243	4116345	10001	16481	0.00000	False	0	
638134327093442171	4116379	10001	16485	0.00000	False	0	
638134327093592072	4116395	10001	16487	0.00000	False	0	
638134327093752076	4116412	10001	16489	0.00000	False	0	
638134327093902080	4116428	10001	16491	0.00000	False	0	
638134327094052082	4116437	10001	16492	0.00000	False	0	
638134327094212074	4116453	10001	16494	0.00000	False	0	
638134327094362068	4116470	10001	16496	0.00000	False	0	
638134327094522084	4116487	10001	16498	0.00000	False	0	
638134327094672067	4116503	10001	16500	0.00000	False	0	
638134327094822076	4116520	10001	16502	0.00000	False	0	
638134327094982074	4116528	10001	16503	0.00000	False	0	
638134327095142272	4116545	10001	16505	0.00000	False	0	
638134327095302097	4116562	10001	16507	0.00000	False	0	
638134327095452074	4116578	10001	16509	0.00000	False	0	
638134327095602101	4116595	10001	16511	0.00000	False	0	
638134327095762082	4116612	10001	16513	0.00000	False	0	
638134327095912124	4116628	10001	16515	0.00000	False	0	
638134327096062178	4116628	10001	16515	0.00000	False	0	
638134327096222075	4116653	10001	16518	0.00000	False	0	
638134327096382066	4116670	10001	16520	0.00000	False	0	
638134327096542085	4116687	10001	16522	0.00000	False	0	
638134327096702095	4116703	10001	16524	0.00000	False	0	
638134327096852065	4116720	10001	16526	0.00000	False	0	
638134327096902089	4116720	10001	16526	0.00000	False	0	
638134327097012076	4116745	10001	16529	0.00000	False	0	
638134327097162094	4116753	10001	16530	0.00000	False	0	
638134327097322075	4116770	10001	16532	0.00000	False	0	
638134327097482074	4116778	10001	16533	0.00000	False	0	
638134327097642369	4116795	10001	16535	0.00000	False	0	
638134327097797261	4116812	10001	16537	0.00000	False	0	
638134327097957364	4116828	10001	16539	0.00000	False	0	
638134327098117353	4116845	10001	16541	0.00000	False	0	
638134327098267356	4116845	10001	16541	0.00000	False	0	
638134327098423522	4116878	10001	16545	0.00000	False	0	
638134327098583532	4116895	10001	16547	0.00000	False	0	
638134327098743540	4116912	10001	16549	0.00000	False	0	
638134327098903541	4116920	10001	16550	0.00000	False	0	
638134327099056027	4116937	10001	16552	0.00000	False	0	
638134327099206008	4116953	10001	16554	0.00000	False	0	
638134327099356120	4116970	10001	16556	0.00000	False	0	
638134327099516257	4116987	10001	16558	0.00000	False	0	
638134327099676130	4117003	10001	16560	0.00000	False	0	
638134327099836314	4117012	10001	16561	0.00000	False	0	
638134327099996140	4117028	10001	16563	0.00000	False	0	
638134327100146132	4117045	10001	16565	0.00000	False	0	
638134327100306152	4117062	10001	16567	0.00000	False	0	
638134327100456141	4117078	10001	16569	0.00000	False	0	
638134327100616133	4117095	10001	16571	0.00000	False	0	
638134327100766152	4117112	10001	16573	0.00000	False	0	
638134327100916234	4117128	10001	16575	0.00000	False	0	
638134327101075714	4117137	10001	16576	0.00000	False	0	
638134327101235715	4117153	10001	16578	0.00000	False	0	
638134327101385719	4117170	10001	16580	0.00000	False	0	
638134327101549574	4117187	10001	16582	0.00000	False	0	
638134327101709579	4117203	10001	16584	0.00000	False	0	
638134327101859764	4117220	10001	16586	0.00000	False	0	
638134327102025281	4117237	10001	16588	0.00000	False	0	
638134327102185390	4117253	10001	16590	0.00000	False	0	
638134327102235387	4117253	10001	16590	0.00000	False	0	
638134327102345395	4117278	10001	16593	0.00000	False	0	
638134327102505397	4117278	10001	16593	0.00000	False	0	
638134327102665382	4117295	10001	16595	0.00000	False	0	
638134327102815386	4117312	10001	16597	0.00000	False	0	
638134327102962053	4117328	10001	16599	0.00000	False	0	
638134327103122058	4117345	10001	16601	0.00000	False	0	
638134327103272070	4117362	10001	16603	0.00000	False	0	
638134327103432052	4117378	10001	16605	0.00000	False	0	
638134327103592081	4117378	10001	16605	0.00000	False	0	
638134327103752142	4117403	10001	16608	0.00000	False	0	
638134327103907421	4117420	10001	16610	0.00000	False	0	
638134327104064754	4117437	10001	16612	0.00000	False	0	
638134327104224755	4117453	10001	16614	0.00000	False	0	
638134327104384757	4117470	10001	16616	0.00000	False	0	
638134327104534742	4117487	10001	16618	0.00000	False	0	
638134327104684017	4117503	10001	16620	0.00000	False	0	
638134327104744023	4117503	10001	16620	0.00000	False	0	
638134327104844024	4117528	10001	16623	0.00000	False	0	
638134327104994003	4117537	10001	16624	0.00000	False	0	
638134327105154016	4117545	10001	16625	0.00000	False	0	
638134327105304030	4117562	10001	16627	0.00000	False	0	
638134327105454446	4117578	10001	16629	0.00000	False	0	
638134327105603155	4117595	10001	16631	0.00000	False	0	
638134327105763135	4117612	10001	16633	0.00000	False	0	
638134327105913151	4117628	10001	16635	0.00000	False	0	
638134327106073305	4117637	10001	16636	0.00000	False	0	
638134327106223303	4117653	10001	16638	0.00000	False	0	
638134327106383304	4117670	10001	16640	0.00000	False	0	
638134327106542253	4117687	10001	16642	0.00000	False	0	
638134327106702254	4117703	10001	16644	0.00000	False	0	
638134327106856597	4117720	10001	16646	0.00000	False	0	
638134327107009740	4117737	10001	16648	0.00000	False	0	
638134327107159740	4117753	10001	16650	0.00000	False	0	
638134327107319743	4117762	10001	16651	0.00000	False	0	
638134327107479749	4117762	10001	16651	0.00000	False	0	
638134327107638056	4117795	10001	16655	0.00000	False	0	
638134327107788081	4117812	10001	16657	0.00000	False	0	
638134327107948383	4117828	10001	16659	0.00000	False	0	
638134327108108574	4117845	10001	16661	0.00000	False	0	
638134327108268437	4117845	10001	16661	0.00000	False	0	
638134327108415197	4117878	10001	16665	0.00000	False	0	
638134327108565270	4117895	10001	16667	0.00000	False	0	
638134327108720648	4117903	10001	16668	0.00000	False	0	
638134327108880638	4117920	10001	16670	0.00000	False	0	
638134327109037001	4117937	10001	16672	0.00000	False	0	
638134327109196993	4117953	10001	16674	0.00000	False	0	
638134327109356999	4117970	10001	16676	0.00000	False	0	
638134327109516997	4117986	10001	16678	0.00000	False	0	
638134327109667003	4118003	10001	16680	0.00000	False	0	
638134327109827010	4118003	10001	16680	0.00000	False	0	
638134327109977021	4118028	10001	16683	0.00000	False	0	
638134327110137355	4118045	10001	16685	0.00000	False	0	
638134327110287010	4118061	10001	16687	0.00000	False	0	
638134327110437330	4118078	10001	16689	0.00000	False	0	
638134327110597007	4118095	10001	16691	0.00000	False	0	
638134327110757006	4118111	10001	16693	0.00000	False	0	
638134327110902539	4118128	10001	16695	0.00000	False	0	
638134327111059723	4118136	10001	16696	0.00000	False	0	
638134327111209739	4118153	10001	16698	0.00000	False	0	
638134327111359727	4118170	10001	16700	0.00000	False	0	
638134327111519801	4118186	10001	16702	0.00000	False	0	
638134327111669800	4118203	10001	16704	0.00000	False	0	
638134327111829810	4118220	10001	16706	0.00000	False	0	
638134327111986418	4118228	10001	16707	0.00000	False	0	
638134327112146422	4118228	10001	16707	0.00000	False	0	
638134327112296422	4118261	10001	16711	0.00000	False	0	
638134327112456422	4118278	10001	16713	0.00000	False	0	
638134327112606426	4118278	10001	16713	0.00000	False	0	
638134327112766437	4118311	10001	16717	0.00000	False	0	
638134327112916429	4118328	10001	16719	0.00000	False	0	
638134327113072498	4118345	10001	16721	0.00000	False	0	
638134327113232596	4118353	10001	16722	0.00000	False	0	
638134327113382590	4118370	10001	16724	0.00000	False	0	
638134327113522893	4118386	10001	16726	0.00000	False	0	
638134327113692588	4118403	10001	16728	0.00000	False	0	
638134327113852585	4118420	10001	16730	0.00000	False	0	
638134327114012592	4118436	10001	16732	0.00000	False	0	
638134327114172584	4118453	10001	16734	0.00000	False	0	
638134327114332594	4118470	10001	16736	0.00000	False	0	
638134327114492597	4118478	10001	16737	0.00000	False	0	
638134327114652597	4118495	10001	16739	0.00000	False	0	
638134327114812704	4118511	10001	16741	0.00000	False	0	
638134327114962832	4118528	10001	16743	0.00000	False	0	
638134327115122839	4118545	10001	16745	0.00000	False	0	
638134327115282869	4118561	10001	16747	0.00000	False	0	
638134327115442848	4118578	10001	16749	0.00000	False	0	
638134327115602922	4118595	10001	16751	0.00000	False	0	
638134327115752831	4118611	10001	16753	0.00000	False	0	
638134327115912834	4118628	10001	16755	0.00000	False	0	
638134327116060580	4118636	10001	16756	0.00000	False	0	
638134327116210682	4118653	10001	16758	0.00000	False	0	
638134327116360686	4118670	10001	16760	0.00000	False	0	
638134327116520685	4118686	10001	16762	0.00000	False	0	
638134327116680676	4118703	10001	16764	0.00000	False	0	
638134327116840677	4118720	10001	16766	0.00000	False	0	
638134327117000700	4118728	10001	16767	0.00000	False	0	
638134327117160725	4118745	10001	16769	0.00000	False	0	
638134327117310691	4118761	10001	16771	0.00000	False	0	
638134327117470684	4118778	10001	16773	0.00000	False	0	
638134327117620678	4118795	10001	16775	0.00000	False	0	
638134327117780684	4118811	10001	16777	0.00000	False	0	
638134327117937662	4118811	10001	16777	0.00000	False	0	
638134327118097714	4118845	10001	16781	0.00000	False	0	
638134327118248029	4118861	10001	16783	0.00000	False	0	
638134327118403120	4118870	10001	16784	0.00000	False	0	
638134327118563474	4118886	10001	16786	0.00000	False	0	
638134327118723121	4118903	10001	16788	0.00000	False	0	
638134327118873121	4118920	10001	16790	0.00000	False	0	
638134327119018284	4118936	10001	16792	0.00000	False	0	
638134327119178283	4118953	10001	16794	0.00000	False	0	
638134327119334130	4118970	10001	16796	0.00000	False	0	
638134327119496498	4118978	10001	16797	0.00000	False	0	
638134327119646484	4118995	10001	16799	0.00000	False	0	
638134327119806495	4119011	10001	16801	0.00000	False	0	
638134327119956494	4119028	10001	16803	0.00000	False	0	
638134327120116482	4119045	10001	16805	0.00000	False	0	
638134327120266487	4119061	10001	16807	0.00000	False	0	
638134327120326486	4119061	10001	16807	0.00000	False	0	
638134327120416490	4119086	10001	16810	0.00000	False	0	
638134327120576493	4119095	10001	16811	0.00000	False	0	
638134327120736487	4119103	10001	16812	0.00000	False	0	
638134327120897299	4119120	10001	16814	0.00000	False	0	
638134327121047245	4119136	10001	16816	0.00000	False	0	
638134327121197261	4119153	10001	16818	0.00000	False	0	
638134327121347252	4119170	10001	16820	0.00000	False	0	
638134327121507247	4119186	10001	16822	0.00000	False	0	
638134327121657246	4119195	10001	16823	0.00000	False	0	
638134327121817243	4119211	10001	16825	0.00000	False	0	
638134327121977245	4119228	10001	16827	0.00000	False	0	
638134327122137245	4119245	10001	16829	0.00000	False	0	
638134327122297259	4119261	10001	16831	0.00000	False	0	
638134327122447245	4119278	10001	16833	0.00000	False	0	
638134327122607287	4119278	10001	16833	0.00000	False	0	
638134327122757583	4119311	10001	16837	0.00000	False	0	
638134327122917277	4119328	10001	16839	0.00000	False	0	
638134327123077295	4119336	10001	16840	0.00000	False	0	
638134327123227582	4119353	10001	16842	0.00000	False	0	
638134327123387274	4119370	10001	16844	0.00000	False	0	
638134327123542840	4119386	10001	16846	0.00000	False	0	
638134327123703005	4119403	10001	16848	0.00000	False	0	
638134327123862860	4119420	10001	16850	0.00000	False	0	
638134327124013622	4119436	10001	16852	0.00000	False	0	
638134327124173619	4119436	10001	16852	0.00000	False	0	
638134327124323624	4119461	10001	16855	0.00000	False	0	
638134327124483990	4119478	10001	16857	0.00000	False	0	
638134327124643618	4119494	10001	16859	0.00000	False	0	
638134327124803615	4119511	10001	16861	0.00000	False	0	
638134327124953617	4119528	10001	16863	0.00000	False	0	
638134327125103611	4119544	10001	16865	0.00000	False	0	
638134327125263614	4119561	10001	16867	0.00000	False	0	
638134327125413614	4119578	10001	16869	0.00000	False	0	
638134327125563739	4119586	10001	16870	0.00000	False	0	
638134327125723852	4119603	10001	16872	0.00000	False	0	
638134327125873862	4119619	10001	16874	0.00000	False	0	
638134327126023855	4119636	10001	16876	0.00000	False	0	
638134327126183843	4119653	10001	16878	0.00000	False	0	
638134327126344249	4119669	10001	16880	0.00000	False	0	
638134327126493850	4119669	10001	16880	0.00000	False	0	
638134327126653850	4119694	10001	16883	0.00000	False	0	
638134327126803864	4119711	10001	16885	0.00000	False	0	
638134327126964157	4119728	10001	16887	0.00000	False	0	
638134327127123846	4119744	10001	16889	0.00000	False	0	
638134327127283847	4119761	10001	16891	0.00000	False	0	
638134327127440876	4119778	10001	16893	0.00000	False	0	
638134327127600881	4119794	10001	16895	0.00000	False	0	
638134327127751190	4119811	10001	16897	0.00000	False	0	
638134327127900881	4119828	10001	16899	0.00000	False	0	
638134327128060880	4119836	10001	16900	0.00000	False	0	
638134327128210879	4119853	10001	16902	0.00000	False	0	
638134327128360882	4119869	10001	16904	0.00000	False	0	
638134327128520874	4119886	10001	16906	0.00000	False	0	
638134327128680870	4119903	10001	16908	0.00000	False	0	
638134327128839983	4119919	10001	16910	0.00000	False	0	
638134327129000369	4119928	10001	16911	0.00000	False	0	
638134327129160062	4119944	10001	16913	0.00000	False	0	
638134327129320350	4119961	10001	16915	0.00000	False	0	
638134327129470368	4119961	10001	16915	0.00000	False	0	
638134327129630058	4119994	10001	16919	0.00000	False	0	
638134327129780054	4120011	10001	16921	0.00000	False	0	
638134327129940067	4120028	10001	16923	0.00000	False	0	
638134327130090060	4120044	10001	16925	0.00000	False	0	
638134327130246293	4120061	10001	16927	0.00000	False	0	
638134327130406609	4120069	10001	16928	0.00000	False	0	
638134327130566894	4120086	10001	16930	0.00000	False	0	
638134327130726597	4120103	10001	16932	0.00000	False	0	
638134327130886592	4120119	10001	16934	0.00000	False	0	
638134327131036596	4120136	10001	16936	0.00000	False	0	
638134327131196617	4120153	10001	16938	0.00000	False	0	
638134327131346607	4120169	10001	16940	0.00000	False	0	
638134327131506611	4120186	10001	16942	0.00000	False	0	
638134327131656604	4120203	10001	16944	0.00000	False	0	
638134327131806700	4120211	10001	16945	0.00000	False	0	
638134327131958759	4120228	10001	16947	0.00000	False	0	
638134327132118429	4120244	10001	16949	0.00000	False	0	
638134327132268419	4120261	10001	16951	0.00000	False	0	
638134327132428725	4120278	10001	16953	0.00000	False	0	
638134327132588411	4120294	10001	16955	0.00000	False	0	
638134327132748422	4120311	10001	16957	0.00000	False	0	
638134327132898434	4120319	10001	16958	0.00000	False	0	
638134327133048410	4120336	10001	16960	0.00000	False	0	
638134327133208413	4120353	10001	16962	0.00000	False	0	
638134327133368621	4120369	10001	16964	0.00000	False	0	
638134327133529030	4120386	10001	16966	0.00000	False	0	
638134327133799063	4120403	10001	16968	0.00000	False	0	
638134327133858746	4120419	10001	16970	0.00000	False	0	
638134327134008862	4120436	10001	16972	0.00000	False	0	
638134327134068855	4120436	10001	16972	0.00000	False	0	
638134327134168854	4120461	10001	16975	0.00000	False	0	
638134327134328850	4120469	10001	16976	0.00000	False	0	
638134327134488861	4120469	10001	16976	0.00000	False	0	
638134327134648846	4120494	10001	16979	0.00000	False	0	
638134327134798853	4120511	10001	16981	0.00000	False	0	
638134327134958868	4120528	10001	16983	0.00000	False	0	
638134327135108858	4120544	10001	16985	0.00000	False	0	
638134327135268849	4120544	10001	16985	0.00000	False	0	
638134327135428854	4120578	10001	16989	0.00000	False	0	
638134327135588853	4120594	10001	16991	0.00000	False	0	
638134327135748849	4120611	10001	16993	0.00000	False	0	
638134327135908843	4120619	10001	16994	0.00000	False	0	
638134327136058849	4120636	10001	16996	0.00000	False	0	
638134327136228887	4120653	10001	16998	0.00000	False	0	
638134327136388850	4120669	10001	17000	0.00000	False	0	
638134327136548174	4120686	10001	17002	0.00000	False	0	
638134327136708189	4120703	10001	17004	0.00000	False	0	
638134327136858181	4120719	10001	17006	0.00000	False	0	
638134327137018179	4120736	10001	17008	0.00000	False	0	
638134327137168181	4120753	10001	17010	0.00000	False	0	
638134327137318173	4120769	10001	17012	0.00000	False	0	
638134327137478178	4120778	10001	17013	0.00000	False	0	
638134327137628190	4120794	10001	17015	0.00000	False	0	
638134327137778200	4120811	10001	17017	0.00000	False	0	
638134327137938194	4120828	10001	17019	0.00000	False	0	
638134327138096344	4120844	10001	17021	0.00000	False	0	
638134327138236960	4120861	10001	17023	0.00000	False	0	
638134327138406453	4120878	10001	17025	0.00000	False	0	
638134327138556456	4120886	10001	17026	0.00000	False	0	
638134327138706455	4120886	10001	17026	0.00000	False	0	
638134327138866451	4120919	10001	17030	0.00000	False	0	
638134327139015921	4120936	10001	17032	0.00000	False	0	
638134327139165920	4120953	10001	17034	0.00000	False	0	
638134327139325925	4120969	10001	17036	0.00000	False	0	
638134327139475927	4120978	10001	17037	0.00000	False	0	
638134327139625943	4120994	10001	17039	0.00000	False	0	
638134327139775927	4121011	10001	17041	0.00000	False	0	
638134327139925928	4121027	10001	17043	0.00000	False	0	
638134327140075940	4121044	10001	17045	0.00000	False	0	
638134327140225922	4121061	10001	17047	0.00000	False	0	
638134327140375922	4121061	10001	17047	0.00000	False	0	
638134327140525929	4121086	10001	17050	0.00000	False	0	
638134327140675919	4121102	10001	17052	0.00000	False	0	
638134327140725929	4121102	10001	17052	0.00000	False	0	
638134327140825930	4121127	10001	17055	0.00000	False	0	
638134327140986227	4121136	10001	17056	0.00000	False	0	
638134327141148133	4121144	10001	17057	0.00000	False	0	
638134327141298049	4121161	10001	17059	0.00000	False	0	
638134327141458047	4121177	10001	17061	0.00000	False	0	
638134327141609850	4121194	10001	17063	0.00000	False	0	
638134327141769860	4121211	10001	17065	0.00000	False	0	
638134327141929844	4121211	10001	17065	0.00000	False	0	
638134327142089850	4121244	10001	17069	0.00000	False	0	
638134327142239846	4121261	10001	17071	0.00000	False	0	
638134327142390151	4121269	10001	17072	0.00000	False	0	
638134327142549845	4121286	10001	17074	0.00000	False	0	
638134327142709856	4121286	10001	17074	0.00000	False	0	
638134327142860013	4121319	10001	17078	0.00000	False	0	
638134327143019992	4121319	10001	17078	0.00000	False	0	
638134327143170296	4121352	10001	17082	0.00000	False	0	
638134327143329994	4121369	10001	17084	0.00000	False	0	
638134327143489997	4121386	10001	17086	0.00000	False	0	
638134327143649977	4121394	10001	17087	0.00000	False	0	
638134327143809989	4121411	10001	17089	0.00000	False	0	
